id,title,image,album,url
1,https://drive.google.com/uc?export=view&id=1Uku2Elmmgd0h-EIX1J70eQP0kuYWzL5N,https://img.youtube.com/vi/KOYHI0GAncY/mqdefault.jpg,Snow White and Seven Dwarfs in Myanmar,https://drive.google.com/uc?export=view&id=1OjSo1p4JBxvCG10S0W_6iyZVwNUs0SjX
2,https://drive.google.com/uc?export=view&id=1V1F7MndztcjHad6pEDvl_X3u3j82znE9,https://img.youtube.com/vi/CEpjtqVPhbk/mqdefault.jpg,Beauty and the Beast in Myanmar,https://drive.google.com/uc?export=view&id=1TOMO9XTBgFpMuwxEEk225TyGgKfNkAe8
3,https://drive.google.com/uc?export=view&id=1ReoKFdnuRJLmKHDbRygXVK-r267m2EWR,https://img.youtube.com/vi/KdV7EByKgto/mqdefault.jpg,Aladdin and the Magic Lamp in Myanmar,https://drive.google.com/uc?export=view&id=1icgfz4QtQNOcRMZZSOp1iKt0_JFk1HDV
4,https://drive.google.com/uc?export=view&id=1XMNoWkiBgdRPU6xcB72DgX4HzNOpVM0a,https://img.youtube.com/vi/upqGtHUU5Sg/mqdefault.jpg,12 Dancing Princess in Myanmar,https://drive.google.com/uc?export=view&id=1e_-FuSW8KNXMnv9gEYabtOuJqqCQDitr
5,https://drive.google.com/uc?export=view&id=1zrZNVgiLr7pyAUFn3T1vKmMNzlmc1A1t,https://img.youtube.com/vi/17TkZttiYCA/mqdefault.jpg,Snow Queen in Myanmar,https://drive.google.com/uc?export=view&id=1mkRsRUb617RWyhBj0JeJQaJkyyZHomBo
6,,https://img.youtube.com/vi/17TkZttiYCA/mqdefault.jpg,Ugly Ducking in Myanmar,https://drive.google.com/uc?export=view&id=128OHYmhqcq6aXRMY0JUqLtOnGDucE1XT
7,,https://img.youtube.com/vi/17TkZttiYCA/mqdefault.jpg,Three little Pigs in Myanmar,https://drive.google.com/uc?export=view&id=1NvZocxw1B5Mbnn6kjHnxxy58qMSgAJ0i
8,,https://img.youtube.com/vi/17TkZttiYCA/mqdefault.jpg,Rapunzel in Myanmar,https://drive.google.com/uc?export=view&id=1peZCXlc9TOY1zod6mfXxf97BDJ29Ddc3
9,,https://img.youtube.com/vi/17TkZttiYCA/mqdefault.jpg,Rumpelsiltskin in Myanmar,https://drive.google.com/uc?export=view&id=14ZA0UnhghwxKqBeGV1oiGKPI5nd5xppI
10,,https://img.youtube.com/vi/17TkZttiYCA/mqdefault.jpg,Lion and Mouse in Myanmar,https://drive.google.com/uc?export=view&id=1mMUxsYUuTHNexJx8eJDPVpc_PiM45VrI
11,,https://img.youtube.com/vi/17TkZttiYCA/mqdefault.jpg,Happy Prince in Myanmar,https://drive.google.com/uc?export=view&id=14zYLNd63SkqctQE6QSoMiyqK-9YN5RsT
12,,https://img.youtube.com/vi/17TkZttiYCA/mqdefault.jpg,Puss in Boots in Myanmar,https://drive.google.com/uc?export=view&id=1aoEvsTlEqapDTUv0ClMJes1BddiZrRBu
13,,https://img.youtube.com/vi/17TkZttiYCA/mqdefault.jpg,Elves and the Shoe Maker in Myanmar,https://drive.google.com/uc?export=view&id=1nG3sbBOafP_bgYnkexZNSjZIxCYNQGS1
14,,https://img.youtube.com/vi/17TkZttiYCA/mqdefault.jpg,Frog Prince in Myanmar,https://drive.google.com/uc?export=view&id=13S1kau7fdkpJcqPHs2urSTHSR0fnjesE
15,,https://img.youtube.com/vi/17TkZttiYCA/mqdefault.jpg,Peter Pan in Myanmar,https://drive.google.com/uc?export=view&id=1dDKmlQCvXdp0ieM0MDifBRSFoSFxcKpI
16,,https://img.youtube.com/vi/17TkZttiYCA/mqdefault.jpg,Thumbelina in Myanmar,https://drive.google.com/uc?export=view&id=1VUgsVSM86nhWe3C6WL_YEsrXu4Ll-YPE
17,,https://img.youtube.com/vi/17TkZttiYCA/mqdefault.jpg,Jack and the Beanstalk in Myanmar,https://drive.google.com/uc?export=view&id=1g4qM-rUiNVCEwr-JmtLDIrCc6aNGcCR6
18,,https://img.youtube.com/vi/17TkZttiYCA/mqdefault.jpg,Old Man in Forest in Myanmar,https://drive.google.com/uc?export=view&id=1u3wqos-jsuGux2sxTIADfX3JNxt8Pea2
